company_name,category_name,question,answer,source_url,collected_at
현대,차량구매,"보유중인 자동차를 팔고 싶은데, 어떻게 하면 좋을까요?","현대 인증중고차 (certified.hyundai.com) 의 내차팔기 서비스를 통해 판매할 수 있습니다.
자세한 사항은 현대 인증중고차 사이트에서 확인해 주세요.
현대 인증중고차 사이트 바로가기▶",https://www.hyundai.com/kr/ko/e/customer/center/faq,2026-09-23
현대,차량구매,"폐차 의뢰 및 신청은 어떻게 하나요?","서비스/멤버십 > 내차 항목의 '친환경 폐차 신청'으로 들어가셔서 신청하시는 것이 가장 신속하고 정확합니다. 인터넷 신청이 불편하시면 유선전화 (1544-2738)로 문의하셔서 폐차 신청을 할 수 있습니다.",https://www.hyundai.com/kr/ko/e/customer/center/faq,2026-09-23
현대,차량구매,"차량구입시 신용카드는 얼마까지 이용할 수 있나요?","▶ 자동차 구입시 신용카드를 이용한 결제는 고객님 신용카드 한도내에서 희망하시는 금액
     까지 자유로이 결제가 가능합니다.",https://www.hyundai.com/kr/ko/e/customer/center/faq,2026-09-23
현대,차량구매,"차량구입시 신용카드는 복수의 카드로 결제가 가능한가요?","▶ 예, 가능합니다. 신용카드 갯수에 제한없이 결제가 가능합니다.",https://www.hyundai.com/kr/ko/e/customer/center/faq,2026-09-23
현대,차량구매,"차량에 부과되는 세금은 어떤 종류가 있나요?","▶ 현행 자동차관련 세금항목은 다음과 같습니다.

① 구입단계 : 개별소비세(8인승 이하 승용차限), 교육세(개소세의 30%), 부가가치세
② 등록단계 : 등록세,취득세
③ 소유단계 : 자동차세(연단위 부여)
④ 유류관련 : 교통세, 주행세, 교육세, 부가가치세
⑤ 기타 : 공채매입, 환경개선비용부담금(해당자동차限)",https://www.hyundai.com/kr/ko/e/customer/center/faq,2026-09-23
현대,차량구매,"신차 구매 시 타던 차량을 반납하면 신차 할인 받을 수 있나요?","현대 인증중고차의 내차팔기 서비스와 연계하여 신차 할인과 중고차 추가 보상 혜택을 받을 수 있습니다.
자세한 사항은 [이벤트> 진행중 이벤트]를 통해 확인해 주세요.",https://www.hyundai.com/kr/ko/e/customer/center/faq,2026-09-23
현대,차량구매,"차량구입시 의무보험료란 금액을 납부하였습니다. 이것은 어떤 종류의 보험인가요?","의무보험은 차량이 출고센터를 동해 출고되어 임시운행기간동안에만 유효한 보험입니다.

이는 임시운행 기간중 발생되는 교통사고 피해자의 피해배상 보장을 위한 자동차 손해배상
보장법 개정으로 임시운행허가 차량의 의무보험 가입이 법제화 되었습니다.

보상책임기간은 출고일부터 임시운행허가 기간인 10일(기간 만료일 24시까지)동안이고
보험료는 차종별 정액보험료가 적용됩니다. (대부분의 경우 1만원 이내)

따라서 차량을 구입하신 고객께서는 임시운행허가기간 종료 이전에 1년만기 책임보험,
혹은 종합보험에 반드시 가입하셔야 합니다.

의무보험은 1회 소멸성 보험으로 임시운행증을 반납하거나 다른 책임보험에
가입하시는 경우 자동으로 해지가 됩니다.",https://www.hyundai.com/kr/ko/e/customer/center/faq,2026-09-23
현대,차량구매,"현대자동차 차량을 구입하려면 어떻게 해야하나요?","현대자동차에서는 전국 정식 지점/대리점을 통해서만 차량을 판매하고 있습니다.
그 이외의 유통경로(인터넷 등)로는 차량 공급이 되지 않사오니 차량 구입시 주의해주시기
바라며 전국 어느곳에서나 같은 제품,같은 가격으로 바른거래를 실천하고 있습니다.

참고로, 현대자동차 홈페이지 구매상담 신청을 이용시
고객님께서 원하시는 지점,대리점을 선택하여 상담신청을 하시면 현대자동차의 전문영업사원이
신속하고 친절하게 차량구매에 관한 모든 궁금증을 해결해 드리겠습니다.",https://www.hyundai.com/kr/ko/e/customer/center/faq,2026-09-23
현대,차량구매,"차량대금을 신용카드로 결제할 경우 소득공제가 가능한가요?","불가능합니다.

조세특례제한법 제126조 3항 3호에 의거하여 신규로 출고되는 자동차 구입시 사용한 신용카드 금액은 소득공제 대상에서 제외됩니다.(2002년 12월1일 승인분부터 적용)",https://www.hyundai.com/kr/ko/e/customer/center/faq,2026-09-23
현대,차량구매,"자동차 리스로 차를 구매하고 싶어요","자동차 리스는 고객의 다양한 Needs에 맞는 맞춤형 상품 구입이 가능합니다 자동차 리스도 할부나 현금구매와 동일하게 현대자동차 영업사원에게 문의하시면 됩니다.",https://www.hyundai.com/kr/ko/e/customer/center/faq,2026-09-23
현대,차량정비,"(상용) 수동재생 진행 중, 시동을 꺼도 되나요?","재생 중에는 끄지 말아 주시고, 수동재생 탈출 후엔 바로 시동을 꺼도 됩니다.
배기정화장치 DPF 내부 이상 고온 현상으로 DPF 및 엔진이 손상될 수 있습니다",https://www.hyundai.com/kr/ko/e/customer/center/faq,2026-09-23
현대,차량정비,"(상용) 주행 중 갑자기 엔진 출력이 떨어지면서 노킹 현상이 나타납니다. 왜 그런가요?","엔진 출력이 급격히 떨어지고 노킹 현상 Knocking, 엔진의 연료실 벽을 작은 망치로 두드리는 듯한 소리가 나는 현상이 지속적으로 발생하면 엔진의 오버히트를 의심해 봐야 합니다.
오버히트는 냉각수가 부족하거나 샐 경우, 워터펌프 구동벨트가 끊어진 경우, 냉각팬이 돌지 않을 경우 등 여러 가지 원인으로 인해 엔진이 과열돼 증기가 끓어오르는 현상입니다.
이때는 계기판에 있는 냉각수 온도 게이지가 적색 눈금 H을 가리키게 됩니다.
겨울철에는 냉각수에 부동액이 들어있지 않거나 엔진 내부가 동결되어 냉각수가 순환하지 못할 때에도 동일한 현상이 발생합니다.
주행 중 엔진이 과열돼 오버히트 현상이 발생했을 때는 당황하지 말고 비상경고등을 켠 채 가능한 빨리 도로 옆 안전한 곳에 차를 세웁니다.
이때 시동을 바로 끄면 엔진이 고착되기 때문에 변속 레버를 중립에 놓고 약 2 ~ 3분간 시동을 그대로 켜놓은 상태에서 엔진 실내에 통풍이 잘 되도록 후드를 열어 놓고, 냉각수 온도 게이지가 정상 C에 가까워질 때까지 엔진을 냉각시킵니다.
후드를 열 때는 뜨거운 수증기나 물이 뿜어져 나오거나 후드 자체가 뜨거울 수 있으므로 주의해야 합니다.
공회전 상태에서도 냉각수 온도 게이지가 떨어지지 않으면 시동을 끄고 자연적으로 엔진을 냉각시킵니다.
만약 냉각수가 차 밑으로 흘러넘치거나 수증기가 후드 위로 새 나올 경우에는 엔진을 정지시키고 차량을 견인해 정비공장에 입고 후 누수 부위를 점검하고 정비를 받아야 합니다.",https://www.hyundai.com/kr/ko/e/customer/center/faq,2026-09-23
현대,차량정비,"(상용) 주행 중 갑자기 시동이 꺼지는 현상이 발생합니다. 어디에 문제가 있는 것일까요?","주행 중 시동이 꺼져 당황하신 적이 있을 것입니다.
시동 꺼짐 현상은 보통 연료계통과 점화계통, 엔진 전자제어계통 등에 이상이 있을 경우 발생합니다.
전자제어 가솔린 엔진의 경우 연료 펌프와 연료 필터 막힘, 인젝터·점화 코일·컴퓨터 ECU 고장, 엔진 관련 센서 이상, 엔진 관련 휴즈 단선, 엔진 배선 합선 등이 원인이 될 수 있습니다.
LPG를 사용하는 엔진의 경우에는 연료계통 부품 종류가 다를 뿐 가솔린 엔진과 큰 차이는 없으나 베이퍼라이져, 믹서 등의 고장으로 인해서도 시동 꺼짐 현상이 발생할 수 있습니다.
디젤 연료를 사용하는 엔진은 기계식과 전자제어식 커먼레일 엔진으로 구분할 수 있는데, 기계식인 경우는 연료 필터 막힘, 연료계통 공기 유입, 인젝션 펌프 고장으로 인해 시동 꺼짐이 발생할 수 있고, 전자제어식인 경우 엔진 관련 센서, 연료 필터 막힘, 연료에 이물질 유입, 커먼레일시스템고압 펌프·레일 압력 센서·인젝터 등, 엔진 관련 휴즈 단선, 배선합선, ECU 고장 등으로 인해서도시동 꺼짐이 발생할 수 있습니다.
시동 꺼짐 현상은 운전자의 안전과 직결되는 것이므로 고장 발생 시 정비업체를 필히 방문하여 점검 및 정비를 받아야 합니다.
또한 정기적으로 차량 점검을 받아 이상이 없는지 체크를 해주는 것도 시동 꺼짐 현상을 예방할 수 있는 방법입니다.",https://www.hyundai.com/kr/ko/e/customer/center/faq,2026-09-23
현대,차량정비,"(상용) 유로6차량 DPF의 자동재생은 언제 작동하나요?","수트게이지가 5칸에 도달 후, 잠시 후 자동재생 실시됩니다.
F/G : 엔진 게이지가 1~5칸에 있더라도 주행거리[버스 400km or트럭 700km]에 도달할 경우에도 재생됩니다",https://www.hyundai.com/kr/ko/e/customer/center/faq,2026-09-23
현대,차량정비,"(상용) 자동재생 도중 신호대기 및 차량 주/정차 시 재생은 어떻게 되나요?","주/정차 및 신호대기 시 IDLE UP되며 재생은 하지 않고, 일정시간 이상 유지 시 재생을 탈출하며, 재주행시 재생 돌입조건에 해당되면 자동재생 됩니다.",https://www.hyundai.com/kr/ko/e/customer/center/faq,2026-09-23
현대,차량정비,"(상용) 자동재생 중 아이들 RPM은 왜 높은가요?","DPF 이상고온에 따른 파손 방지 목적으로 재생 중 아이들 RPM은 상향조정됩니다.
F엔진 900, G엔진 1000, H/L엔진 800",https://www.hyundai.com/kr/ko/e/customer/center/faq,2026-09-23
현대,차량정비,"(상용) 자동재생 도중 차량을 멈추고 시동을 꺼도 되나요?","차량을 멈추고, 시동을 꺼도 됩니다.
단, 녹색 재생 등이 소거된 후 (약 2분간 소요), 시동 끄시기를 권장합니다. (DPF 이상고온에 따른 파손 방지)",https://www.hyundai.com/kr/ko/e/customer/center/faq,2026-09-23
현대,차량정비,"(상용) 자동재생 돌입 가능 조건은 어떻게 되나요?","엔진이 충분히 웜업 되고,차속이 10km/h↑에서 자동재생 됩니다.
F/G : 냉각수 65℃↑, H/LDOC 후단센서 200℃↑, 냉각수60℃↑",https://www.hyundai.com/kr/ko/e/customer/center/faq,2026-09-23
현대,차량정비,"(상용) 수동재생은 언제 하나요?","① 검댕이게이지가 6~8칸에서 황색 수동재생 경고등 점등 시, 진행하시면 됩니다.
9칸 이상에서는 서비스센터 조치 필요
② 고객이 수동재생을 원할 경우 1~8칸까지 검댕이게이지와 무관하게 돌입 가능합니다.",https://www.hyundai.com/kr/ko/e/customer/center/faq,2026-09-23
현대,차량정비,"(상용) 수동재생 시, 주의해야 할 사항은 무엇인가요?","수동재생 시, 배기정화장치 주변 부가 매우 고온이므로 화재 및 안전사고가 발생할 수 있으므로 인화성 물질이 없는 개방된 공간에서 수동재생을 권장합니다. (배기가스 신체노출 삼가)",https://www.hyundai.com/kr/ko/e/customer/center/faq,2026-09-23
현대,홈페이지,"실 운행자 등록 방법은 어떻게 되나요?","내 차로 등록한 차량에 한하여 실 운행자 지정이 가능합니다.
승상용 통합 회원으로 가입한 고객의 통합 이메일 ID 및 이름으로 검색 후 지정이 가능합니다.",https://www.hyundai.com/kr/ko/e/customer/center/faq,2026-09-23
현대,홈페이지,"차량을 판매한 경우 어떻게 하나요?","마이페이지에서 보유차량 삭제를 눌러주시면 더 이상 차량 정보 표출이 되지 않습니다.",https://www.hyundai.com/kr/ko/e/customer/center/faq,2026-09-23
현대,홈페이지,"내 차가 아닌 다른 차량이 보입니다.","차량을 다른 운전자에게 판매하신 뒤에도 내 차 정보에서 지속하여 정보가 표출될 경우, 직접 내 차 정보에서 차량 삭제 기능을 통하여 삭제할 수 있습니다.",https://www.hyundai.com/kr/ko/e/customer/center/faq,2026-09-23
현대,홈페이지,"실 운행자 등록 시 사용 가능한 기능은 무엇인가요?","실 운행자로 등록되신 경우에 정비예약, 수리 이력 확인 등 차량운행 시 필요한 기능 활용이 가능합니다.",https://www.hyundai.com/kr/ko/e/customer/center/faq,2026-09-23
현대,홈페이지,"내 차 정보가 안 보여요.","현대닷컴 홈페이지 혹은 지점/대리점 방문을 통해서 실 운행자 등록 가능합니다.
https://www.hyundai.com/kr/ko/service-membership/bluemembers/car-register/bluemembers-car-register
중고차 구매 시 보유하신 차량이 조회가 되지 않는다면, 마이현대 앱 혹은 가까운 블루핸즈 방문을 통해 인증을 받으셔야 합니다.",https://www.hyundai.com/kr/ko/e/customer/center/faq,2026-09-23
현대,홈페이지,"취급설명서는 어디서 다운 받나요?","취급설명서는 홈페이지 디지털/고객지원 > Help Desk > 사용설명서 다운로드(자료실)에서 다운로드가 가능합니다.
https://www.hyundai.com/kr/ko/digital-customer-support/helpdesk/download-center",https://www.hyundai.com/kr/ko/e/customer/center/faq,2026-09-23
현대,홈페이지,"내비게이션 시스템 업그레이드는 어디서 하나요?","디지털/고객지원 > 업데이트 > SW업데이트 (내비/캠)에서 확인 가능합니다.
https://www.hyundai.com/kr/ko/digital-customer-support/update/navigation-update",https://www.hyundai.com/kr/ko/e/customer/center/faq,2026-09-23
현대,홈페이지,"계정 통합 시, 선택하지 않은 계정은 어떻게 되나요? 가입 정보 (이름, 생년월일 등)도 통합되나요?","· 선택하지 않은 계정은 자동으로 탈퇴처리 됩니다. 이후 ID 찾기 진행하시면 검색되지 않습니다.
· 이름, 생년월일 등 가입정보가 다를 경우, 최근 본인인증 받은 정보로 업데이트/수정 됩니다.",https://www.hyundai.com/kr/ko/e/customer/center/faq,2026-09-23
현대,홈페이지,"저는 5개 ID를 가지고 있는데, 계정 통합 화면에는 왜 2개 ID만 표시되는 건가요?","· 계정 통합은 2개 ID를 대상으로만 진행됩니다. (① 현재 로그인하려는 ID, ② 기존에 현대닷컴 가입된 ID)
· 이후 제 3의 ID로 로그인 하실 경우, 다시 한 번 본인 인증과 계정 통합 절차가 진행됩니다.",https://www.hyundai.com/kr/ko/e/customer/center/faq,2026-09-23
현대,홈페이지,"기존에 이미 사용하고 있던 ID인데, 왜 다시 본인 인증과 계정 통합을 해야 하나요?","· 여러 개 ID 보유한 고객으로 ID 혼란으로 인한 고객 문의가 많이 발생하고 있습니다. 이에 회원 1명 당 1개의 ID만 이용할 수 있도록 변경되었습니다.(블루링크 등 현대자동차 타 서비스 동일)
· 기존에 여러 개 ID를 보유하셨던 고객이라면, ID 통합을 위해서 본인인증과 계정 통합을 진행해주세요. 통합된 ID로 현대닷컴, 블루링크, 디지털 키, 마이현대에서 동일하게 사용 가능합니다.
※ 디지털 키에 가입하신 고객이라면 ‘휴대폰 인증’을 통해 본인인증 받으셔야 서비스 이용이 가능합니다. (아이핀 인증 시, 이후 휴대폰 본인인증 재 요청됨)
· 계정 통합 절차를 진행하지 않으시면 해당 ID로 서비스 이용이 불가합니다. (필수)",https://www.hyundai.com/kr/ko/e/customer/center/faq,2026-09-23
현대,멤버스,"블루멤버스가 무엇인가요?","블루멤버스는 고객이 자동차를 효율적이고 경제적으로 관리하며, 자동차 관련 모든 과정에서 최상의 경험을 할 수 있도록 돕는 현대자동차의 멤버십 서비스입니다.
신차 구매나 제휴 가맹점 이용 시 포인트를 적립받으며, 적립된 포인트는 신차 구매나 제휴처에서 현금처럼 사용할 수 있습니다.",https://www.hyundai.com/kr/ko/e/customer/center/faq,2026-09-23
현대,멤버스,"블루멤버스 회원 가입 후 카드 발급은 언제 되나요?","블루멤버스 가입이 완료된 회원에게는 멤버십 카드(모바일)가 발급됩니다. 

현대자동차 홈페이지, 마이현대 앱 등을 통해 카드번호 및 모바일 바코드 확인이 가능하며, 마이현대/네이버페이/삼성월렛 앱을 통해 블루멤버십 포인트를 사용할 수 있습니다. 
-마이현대: 로그인 > 우측 상단 바코드
-네이버페이: 로그인 > 멤버십 > 멤버십 추가 > 블루멤버스
-삼성월렛: 멤버십 > 추가 > 블루멤버스

실물카드 발급을 희망하시는 고객분들께서는 현대자동차 고객센터(080-600-6000)로 문의하시기 바랍니다.",https://www.hyundai.com/kr/ko/e/customer/center/faq,2026-09-23
현대,멤버스,"블루멤버스 회원 정보를 확인/변경하고 싶어요.","현대자동차 홈페이지 또는 마이현대 앱, 현대자동차 고객센터(080-600-6000)를 통해 회원정보를 확인하거나 변경할 수 있습니다.",https://www.hyundai.com/kr/ko/e/customer/center/faq,2026-09-23
현대,멤버스,"본인 이외의 가족이 보유한 블루멤버스 포인트를 사용할 수 있나요?","블루멤버스 패밀리 멤버십에 등록하시면 등록된 가족 구성원 간 제약없이 실시간으로 자유롭게 포인트를 공유하여 사용할 수 있습니다.
패밀리 멤버십은 패밀리 대표의 직계존비속, 형제/자매, 배우자까지 등록 가능합니다. (패밀리 대표 포함 최대 8명)
패밀리 멤버십 등록 및 기타사항은 현대자동차 홈페이지(www.hyundai.com) 블루멤버스 메뉴에서 확인할 수 있습니다.",https://www.hyundai.com/kr/ko/e/customer/center/faq,2026-09-23
현대,멤버스,"블루멤버스 포인트 양도 절차가 어떻게 되나요?","가족인 경우 패밀리 멤버십을 통해 등록된 가족 구성원 간 제약없이 실시간으로 자유롭게 포인트를 공유하여 사용할 수 있습니다.
패밀리 멤버십은 패밀리 대표의 직계존비속, 형제/자매, 배우자까지 등록 가능합니다. (패밀리 대표 포함 최대 8명)
패밀리 멤버십 등록 및 기타사항은 현대자동차 홈페이지(www.hyundai.com) 블루멤버스 메뉴에서 확인할 수 있습니다.

패밀리 멤버십을 등록하지 않아도, 현대자동차 홈페이지(www.hyundai.com)에서 블루멤버스 포인트를 양도할 수 있으며, 양도 가능한 대상은 다음과 같습니다.
① 가족 : 배우자, 직계 존비속, 형제/자매에게 양도 가능
② 장애인 공동명의 : 장애인 출고 건의 공동명의자에게 양도 가능
③ 사망한 회원 : 배우자, 직계 존비속, 형제/자매 및 장애인 공동명의 출고 건의 경우 장애인 사망 시 양도 가능
양도/양수인 모두가 블루멤버스 회원가입이 되어있어야 하며, 증빙서류와 양도양수 신청서 제출 시 심사 후 양도됩니다.

자세한 사항은 현대자동차 홈페이지(www.hyundai.com) 의 블루멤버스 메뉴에서 확인할 수 있습니다.",https://www.hyundai.com/kr/ko/e/customer/center/faq,2026-09-23
현대,멤버스,"신차구매 시 블루멤버스 포인트는 언제 적립되나요 ?","신차구매 포인트는 회원가입과 제작증발급이 모두 완료된 날의 익일 적립되며, 적립일 기준 3일 이후부터 사용할 수 있습니다.
출고시점 블루멤버스에 미가입하신 경우 출고 후 6개월 이내 블루멤버스 회원에 가입하시면 포인트가 적립됩니다.",https://www.hyundai.com/kr/ko/e/customer/center/faq,2026-09-23
현대,멤버스,"세이브-오토 및 M포인트 차감을 통해 차량 가격을 할인받았습니다. 그런데 세금계산서상 금액과 차이가 있는데 왜 그런가요?","세이브-오토 및 M포인트 사용은 현대자동차가 현대카드사와 공동으로 시행 중인 이벤트입니다. 
해당 이벤트를 통해 차량 가격을 할인받으신 경우, 고객님이 알고계신 할인 금액과 세금계산서에 표기된 내역이 다르게 느껴질 수 있습니다. 

현대자동차가 발행한 세금계산서의 차량 공급가액에는 전체 할인액의 50%만 반영됩니다.
따라서, 세금계산서상 공급가액은 실제 할인받으신 금액을 감안하면 높게 느껴질 수 있습니다. 

나머지 할인액 50%는 카드 혜택으로 제공됩니다. 
현대카드의 이용내역 또는 카드명세서를 통해 M포인트 차감내역, 카드결제(청구)금액 감소내역 등을 확인할 수 있습니다.

해당 이벤트가 현대자동차와 현대카드사가 공동으로 시행하는 행사이기 때문에, 제공되는 할인 내역이 분리되어 있습니다.",https://www.hyundai.com/kr/ko/e/customer/center/faq,2026-09-23
현대,멤버스,"차량 구매에 사용할 수 있는 포인트는 무엇인가요?","■ 블루멤버스 포인트
개인고객은 5년간 최대 400만 포인트 / 법인고객은 1대당 최대 200만 포인트까지 차량금액 총 할인한도(30%) 내에서 사용 가능합니다.
단, 일부 법인 회원의 경우에는 신차 구매 시 포인트 사용이 제한될 수 있습니다.
(FLEET 업체, 이용자명의리스, 실차주계약 등)

■ 현대카드 M 포인트
5년간 최대 200만원까지 차량 구매시 사용하실 수 있습니다. 

■ 블루 세이브-오토
블루멤버스 포인트 혹은 M포인트가 적립되는 현대카드로 결제 시 적립 예정인 포인트 일부를 선사용하고, 이후 최대 36개월 동안 해당 카드를 이용하며 적립되는 포인트로 상환하는 제도입니다.
사용되는 포인트에 따라, ①블루 세이브-오토(블루멤버스 포인트)와 ②세이브-오토(M포인트) 두 가지로 나뉩니다.

차종에 따라 20~50만 포인트를 선사용 할 수 있으며, 상세한 내용은 현대카드 홈페이지의 '세이브-오토' 안내사항을 참고하세요.",https://www.hyundai.com/kr/ko/e/customer/center/faq,2026-09-23
현대,멤버스,"블루멤버스 포인트는 어떻게 활용하나요?","블루멤버스 포인트는 제휴처에서 회원인증 시 현금처럼 사용할 수 있습니다.
블루멤버스 회원은 실물카드 혹은 마이현대/네이버페이/삼성월렛을 통해 인증할 수 있습니다.

-마이현대: 로그인 > 우측 상단 바코드
-네이버페이: 로그인 > 멤버십 > 멤버십 추가 > 블루멤버스
-삼성월렛: 멤버십 > 추가 > 블루멤버스

블루멤버스 제휴처 정보는 현대자동차 홈페이지(www.hyundai.com)를 참고하세요.",https://www.hyundai.com/kr/ko/e/customer/center/faq,2026-09-23
현대,멤버스,"블루멤버스 포인트 유효기간은 어떻게 되나요?","블루멤버스 포인트의 유효기간은 최초 적립일로부터 만 5년입니다.
5년 경과 시점을 기준으로 익월 1일 자동 소멸됩니다.",https://www.hyundai.com/kr/ko/e/customer/center/faq,2026-09-23
현대,"Pleos 계정","현대자동차 통합계정을 Pleos 계정으로 전환 중인데, '이미 사용 중인 이메일'로 표시됩니다.","고객님의 이메일을 가족이나 지인과 공유해 사용하고 있지 않은지 확인을 먼저 부탁드립니다. 
공유한 적이 있다면 가족 또는 지인이 해당 이메일로 Pleos 계정을 이용 중일 수 있습니다.

이런 경우가 아니라면 과거 다른 사용자가 고객님의 이메일을 사용 중일 때 생성된 계정일 수 있습니다. 
조금 번거로우시더라도 다른 이메일로 변경해 전환을 계속 진행하실 수 있습니다.",https://www.hyundai.com/kr/ko/e/customer/center/faq,2026-09-23
현대,"Pleos 계정","저는 계정 전환을 한 적이 없는데 전환완료 메일이 왔습니다. 무슨 내용인가요?","고객님께서 직접 전환한 내역이 아니라면 과거 다른 사용자가 고객님의 이메일을 사용 중일 때 생성된 계정으로 전환을 시도한 것일 수 있습니다. 
고객님의 활동인지, 다른 사용자의 활동인지 등이 의심되신다면 Pleos 계정 고객센터로 연락주세요.",https://www.hyundai.com/kr/ko/e/customer/center/faq,2026-09-23
현대,"Pleos 계정","로그인 할 때마다 Pleos 계정으로 전환 안내 화면이 계속 나옵니다. 안 보이게 할 수 없나요?","현대자동차 통합계정 사용자는 모두 Pleos 계정 전환 대상자 입니다. 
현대자동차 통합계정은 27년 1월까지만 운영되며 기간 내에 Pleos 계정으로 전환하지 않을 경우 더 이상 계정을 이용하실 수 없습니다. 
Pleos 계정 전환 안내 화면에서 Pleos 계정으로 전환을 완료하시면 더 이상 전환 안내 화면은 노출되지 않습니다.",https://www.hyundai.com/kr/ko/e/customer/center/faq,2026-09-23
현대,"Pleos 계정","만 14세 미만 사용자입니다. 만 14세 미만 보호자 동의를 한 것 같은데 왜 계속 뜨나요?","만 14세 미만 사용자의 계정 생성 및 서비스 가입, 계정 전환 시에 보호자의 동의가 반드시 필요합니다. 
Pleos 계정 전환 과정 중 보호자 동의를 위한 보호자 본인인증 과정 중 완료하지 않고 이탈한 경우 동의가 완료되지 않은 상태이므로, 다음번 접속 시 동일하게 보호자 인증을 요구합니다. 이 과정을 모두 정확하게 마쳐야 이후부터 노출되지 않습니다.",https://www.hyundai.com/kr/ko/e/customer/center/faq,2026-09-23
현대,"Pleos 계정","현대자동차 통합계정에 가입한 이메일을 인증 할 수가 없습니다. 그럼 전환 할 수 없나요?","Pleos 계정으로의 전환 과정 중 기존 이메일 인증이 되지 않은 현대자동차 통합계정 사용자에게는 이메일 인증 절차가 노출됩니다. 
절차에 따라 이메일 인증하시면 계속해서 계정 전환을 진행할 수 있습니다.",https://www.hyundai.com/kr/ko/e/customer/center/faq,2026-09-23
현대,"Pleos 계정","Pleos 계정으로 전환을 마쳤는데 또 전환 안내 화면이 노출됩니다. 왜 계속 나오나요?","현대자동차그룹 Global One ID인 Pleos 계정은 현대, 기아, 제네시스 서비스 이용 시 모두 사용할 수 있는 통합계정입니다. 
기존 통합계정을 현대, 기아, 제네시스 모두 보유하고 있을 경우 각 브랜드별로 별도의 전환 과정을 진행하셔야 합니다. 
Pleos 계정 전환화면을 반복해서 보셨다면 이전에 다른 브랜드의 전환 과정만 진행하셨기 때문입니다. 
안내에 따라 전환하신 후 Pleos 계정을 통해 더 편리한 통합 계정 서비스를 경험하세요.",https://www.hyundai.com/kr/ko/e/customer/center/faq,2026-09-23
현대,"Pleos 계정","Pleos 계정을 생성한 적이 없는데, 전환 과정 중 해외에서 가입한 계정이 있어 전환할 수 없다고 나옵니다. 어떻게 해야하나요?","현대자동차그룹 Global One ID인 Pleos 계정은 국내 외에도 유럽 등 다른 권역의 서비스 이용 시 가입하셨을 수 있습니다. 
이 경우 해당 아이디로 이용하시려던 국내 서비스에 1회 로그인하시면 이후부터 정상적으로 이용 또는 전환 절차를 진행하실 수 있습니다. 

더 자세한 확인이 필요하시다면 Pleos 계정 고객센터로 연락주세요.",https://www.hyundai.com/kr/ko/e/customer/center/faq,2026-09-23
현대,"Pleos 계정","계정 전환하려는데 탈퇴신청 중이어서 전환할 수 없다고 나옵니다. 어떻게 해야하나요?","Pleos 계정 탈퇴 신청 상태로 전환을 계속 진행할 수 없는 상태여서 확인하신 메세지 입니다. 이 때에는 아래 두가지 방법으로 진행하실 수 있습니다.

1. 탈퇴를 취소하고 계속 해당 계정을 이용하고 싶은 경우: 직접 로그인 한 뒤 탈퇴 신청을 취소하고 계속해서 전환을 진행하시면 됩니다.
2. Pleos 계정은 탈퇴하고, 이용 중인 통합계정으로 계속 전환하고 싶은 경우: Pleos 계정 고객센터에 연락해 즉시 삭제 요청하여 계정을 삭제하신 뒤 현대자동차 통합계정을 Pleos 계정으로 전환 진행하시면 됩니다.",https://www.hyundai.com/kr/ko/e/customer/center/faq,2026-09-23
현대,"Pleos 계정","Pleos 계정 가입은 어디서 하나요?","Pleos 계정은 Pleos 계정 만들기 화면을 통해 가입할 수 있습니다. 

[Pleos 계정 만들기]
방법1. 통합계정 로그인 화면 맨 하단 'Pleos 계정 만들기' 버튼 클릭 
방법2. 통합계정 로그인 화면 내 'Pleos 계정 로그인' 버튼 클릭 > Pleos 계정 로그인 화면 > 'Pleos 계정 만들기' 버튼 클릭",https://www.hyundai.com/kr/ko/e/customer/center/faq,2026-09-23
현대,"Pleos 계정","Pleos 계정 아이디 찾기는 어떻게 하나요?","Pleos 계정 이메일은 아래 위치에서 확인하실 수 있습니다.

[Pleos 계정 만들기]
통합계정 로그인 화면 내 'Pleos 계정 로그인' 버튼 클릭 > Pleos 계정 로그인 화면 > '이메일 찾기' 메뉴",https://www.hyundai.com/kr/ko/e/customer/center/faq,2026-09-23
